Profile HMM	Score
PF01397_monoTP1	203.92
PF01397_monoTP2	172.8
PF01397_monoTP3	151.12
PF01397_monoTP4	329.28
PF01397_monoTP5	257.92
PF01397_monoTP6	254.48
PF01397_monoTP7	210.72
PF01397_monoTP8	272.08
PF01397_monoTP9	240.48
PF03936_monoTP1	374.56
PF03936_monoTP2	348.4
PF03936_monoTP3	324.16
PF03936_monoTP4	507.28
PF03936_monoTP5	404.4
PF03936_monoTP6	416.72
PF03936_monoTP7	434.8
PF03936_monoTP8	476.56
PF03936_monoTP9	419.2
PF19086_monoTP1	278.16
PF19086_monoTP2	257.92
PF19086_monoTP3	236
PF19086_monoTP4	380.16
PF19086_monoTP5	306.32
PF19086_monoTP6	304.56
PF19086_monoTP7	322.4
PF19086_monoTP8	353.68
PF19086_monoTP9	311.52
PF01397_diTP1	233.8
PF01397_diTP2	216.16
PF01397_diTP3	243.25
PF01397_diTP4	290.36
PF01397_diTP5	384.72
PF01397_diTP6	182.84
PF01397_diTP7	219.17
PF01397_diTP8	300.16
PF03936_diTP1	283.57
PF03936_diTP2	265.37
PF03936_diTP3	101.29
PF03936_diTP4	333.48
PF03936_diTP5	339.36
PF03936_diTP6	355.32
PF03936_diTP7	297.08
PF03936_diTP8	356.79
PF19086_diTP1	216.65
PF19086_diTP2	229.04
PF19086_diTP4	246.68
PF19086_diTP5	247.59
PF19086_diTP6	259.98
PF19086_diTP7	210.35
PF19086_diTP8	275.17
PF01397_sesquiTP1	286.705
PF01397_sesquiTP2	232.05
PF01397_sesquiTP3	192.695
PF01397_sesquiTP4	197.54
PF01397_sesquiTP5	170.68
PF01397_sesquiTP6	243.015
PF01397_sesquiTP7	280.5
PF01397_sesquiTP8	304.045
PF01397_sesquiTP9	234.09
PF01397_sesquiTP10	235.365
PF01397_sesquiTP11	242.25
PF01397_sesquiTP12	324.19
PF01397_sesquiTP13	222.955
PF01397_sesquiTP14	166.855
PF01397_sesquiTP15	246.925
PF01397_sesquiTP16	260.865
PF01397_sesquiTP17	312.29
PF01397_sesquiTP18	275.91
PF01397_sesquiTP19	298.435
PF01397_sesquiTP20	300.475
PF03936_sesquiTP1	427.975
PF03936_sesquiTP2	320.79
PF03936_sesquiTP3	312.12
PF03936_sesquiTP4	351.815
PF03936_sesquiTP5	332.69
PF03936_sesquiTP6	343.06
PF03936_sesquiTP7	453.39
PF03936_sesquiTP8	502.775
PF03936_sesquiTP9	374.425
PF03936_sesquiTP10	411.655
PF03936_sesquiTP11	370.685
PF03936_sesquiTP12	527.935
PF03936_sesquiTP13	322.66
PF03936_sesquiTP14	412.335
PF03936_sesquiTP15	425.765
PF03936_sesquiTP16	370.94
PF03936_sesquiTP17	517.99
PF03936_sesquiTP18	472.09
PF03936_sesquiTP19	514.335
PF03936_sesquiTP20	543.66
PF19086_sesquiTP1	307.275
PF19086_sesquiTP2	295.035
PF19086_sesquiTP3	218.96
PF19086_sesquiTP4	254.405
PF19086_sesquiTP5	239.19
PF19086_sesquiTP6	240.975
PF19086_sesquiTP7	333.37
PF19086_sesquiTP8	368.135
PF19086_sesquiTP9	265.88
PF19086_sesquiTP10	296.905
PF19086_sesquiTP11	292.145
PF19086_sesquiTP12	389.47
PF19086_sesquiTP13	206.125
PF19086_sesquiTP14	305.915
PF19086_sesquiT15	309.485
PF19086_sesquiTP16	271.49
PF19086_sesquiTP17	384.115
PF19086_sesquiTP18	341.02
PF19086_sesquiTP19	396.525
PF19086_sesquiTP20	404.685
