Profile HMM	Score
PF01397_diTP1	233.8
PF01397_diTP2	216.16
PF01397_diTP3	243.25
PF01397_diTP4	290.36
PF01397_diTP5	384.72
PF01397_diTP6	182.84
PF01397_diTP7	219.17
PF01397_diTP8	300.16
PF03936_diTP1	283.57
PF03936_diTP2	265.37
PF03936_diTP3	101.29
PF03936_diTP4	333.48
PF03936_diTP5	339.36
PF03936_diTP6	355.32
PF03936_diTP7	297.08
PF03936_diTP8	356.79
PF19086_diTP1	216.65
PF19086_diTP2	229.04
PF19086_diTP4	246.68
PF19086_diTP5	247.59
PF19086_diTP6	259.98
PF19086_diTP7	210.35
PF19086_diTP8	275.17
