Profile HMM	Score
PF01397_monoTP1	203.92
PF01397_monoTP2	172.8
PF01397_monoTP3	151.12
PF01397_monoTP4	329.28
PF01397_monoTP5	257.92
PF01397_monoTP6	254.48
PF01397_monoTP7	210.72
PF01397_monoTP8	272.08
PF01397_monoTP9	240.48
PF03936_monoTP1	374.56
PF03936_monoTP2	348.4
PF03936_monoTP3	324.16
PF03936_monoTP4	507.28
PF03936_monoTP5	404.4
PF03936_monoTP6	416.72
PF03936_monoTP7	434.8
PF03936_monoTP8	476.56
PF03936_monoTP9	419.2
PF19086_monoTP1	278.16
PF19086_monoTP2	257.92
PF19086_monoTP3	236
PF19086_monoTP4	380.16
PF19086_monoTP5	306.32
PF19086_monoTP6	304.56
PF19086_monoTP7	322.4
PF19086_monoTP8	353.68
PF19086_monoTP9	311.52
