Profile HMM	Score
PF01397_sesquiTP1	286.705
PF01397_sesquiTP2	232.05
PF01397_sesquiTP3	192.695
PF01397_sesquiTP4	197.54
PF01397_sesquiTP5	170.68
PF01397_sesquiTP6	243.015
PF01397_sesquiTP7	280.5
PF01397_sesquiTP8	304.045
PF01397_sesquiTP9	234.09
PF01397_sesquiTP10	235.365
PF01397_sesquiTP11	242.25
PF01397_sesquiTP12	324.19
PF01397_sesquiTP13	222.955
PF01397_sesquiTP14	166.855
PF01397_sesquiTP15	246.925
PF01397_sesquiTP16	260.865
PF01397_sesquiTP17	312.29
PF01397_sesquiTP18	275.91
PF01397_sesquiTP19	298.435
PF01397_sesquiTP20	300.475
PF03936_sesquiTP1	427.975
PF03936_sesquiTP2	320.79
PF03936_sesquiTP3	312.12
PF03936_sesquiTP4	351.815
PF03936_sesquiTP5	332.69
PF03936_sesquiTP6	343.06
PF03936_sesquiTP7	453.39
PF03936_sesquiTP8	502.775
PF03936_sesquiTP9	374.425
PF03936_sesquiTP10	411.655
PF03936_sesquiTP11	370.685
PF03936_sesquiTP12	527.935
PF03936_sesquiTP13	322.66
PF03936_sesquiTP14	412.335
PF03936_sesquiTP15	425.765
PF03936_sesquiTP16	370.94
PF03936_sesquiTP17	517.99
PF03936_sesquiTP18	472.09
PF03936_sesquiTP19	514.335
PF03936_sesquiTP20	543.66
PF19086_sesquiTP1	307.275
PF19086_sesquiTP2	295.035
PF19086_sesquiTP3	218.96
PF19086_sesquiTP4	254.405
PF19086_sesquiTP5	239.19
PF19086_sesquiTP6	240.975
PF19086_sesquiTP7	333.37
PF19086_sesquiTP8	368.135
PF19086_sesquiTP9	265.88
PF19086_sesquiTP10	296.905
PF19086_sesquiTP11	292.145
PF19086_sesquiTP12	389.47
PF19086_sesquiTP13	206.125
PF19086_sesquiTP14	305.915
PF19086_sesquiT15	309.485
PF19086_sesquiTP16	271.49
PF19086_sesquiTP17	384.115
PF19086_sesquiTP18	341.02
PF19086_sesquiTP19	396.525
PF19086_sesquiTP20	404.685
